date,taxa_compra_manha,taxa_venda_manha,PU_compra_manha,PU_venda_manha,PU_base_manha
2002-01-02,,,,,
2002-01-03,,,,,
2002-01-04,,,,,
2002-01-07,0.0037,0.0043,1245.9,1242.17,
2002-01-08,0.0037,0.0043,1246.78,1243.05,
2002-01-09,0.0037,0.0043,1247.66,1243.93,
2002-01-10,0.0037,0.0043,1248.55,1244.82,
2002-01-11,0.0037,0.0043,1249.43,1245.7,
2002-01-14,0.0037,0.0043,1250.31,1246.58,
2002-01-15,0.0037,0.0043,1251.2,1247.47,
2002-01-16,0.0037,0.0043,1252.08,1248.35,
2002-01-17,0.0037,0.0043,1252.97,1249.24,
2002-01-18,0.0037,0.0043,1253.85,1250.12,
2002-01-21,0.0037,0.0043,1254.74,1251.01,
2002-01-22,0.0037,0.0043,1255.62,1251.9,
2002-01-23,0.0037,0.0043,1256.51,1252.78,
2002-01-24,0.0037,0.0043,1257.4,1253.67,
2002-01-25,0.0037,0.0043,1258.29,1254.56,
2002-01-28,0.0037,0.0043,1259.18,1255.45,
2002-01-29,0.0037,0.0043,1260.07,1256.34,
2002-01-30,0.0037,0.0043,1260.96,1257.23,
2002-01-31,0.0037,0.0043,1261.85,1258.13,
2002-02-01,0.0037,0.0043,1262.74,1259.02,
2002-02-04,0.0037,0.0043,1263.64,1259.91,
2002-02-05,0.0038,0.0044,1263.91,1260.18,
2002-02-06,0.0038,0.0044,1264.8,1261.08,
2002-02-07,0.0039,0.0045,1265.07,1261.35,
2002-02-08,0.004,0.0046,1265.35,1261.63,
2002-02-13,0.004,0.0046,1266.24,1262.53,
2002-02-14,0.004,0.0046,1267.14,1263.42,
2002-02-15,0.0039,0.0045,1268.66,1264.94,
2002-02-18,0.0039,0.0045,1269.56,1265.84,
2002-02-19,0.0039,0.0045,1270.45,1266.74,
2002-02-20,0.004,0.0046,1270.73,1267.02,
2002-02-21,0.0041,0.0047,1271.0,1267.29,
2002-02-22,0.0042,0.0048,1271.27,1267.56,
2002-02-25,0.0043,0.0049,1271.54,1267.84,
2002-02-26,0.0043,0.0049,1272.44,1268.73,
2002-02-27,0.0043,0.0049,1273.33,1269.62,
2002-02-28,0.0043,0.0049,1274.22,1270.51,
2002-03-01,0.0043,0.0049,1275.11,1271.41,
2002-03-04,0.0045,0.0051,1274.77,1271.07,
2002-03-05,0.0044,0.005,1276.28,1272.58,
2002-03-06,0.0047,0.0053,1275.33,1271.63,
2002-03-07,0.0046,0.0052,1276.84,1273.14,
2002-03-08,0.0047,0.0053,1277.12,1273.42,
2002-03-11,0.0047,0.0053,1278.01,1274.32,
2002-03-12,0.0047,0.0053,1278.91,1275.22,
2002-03-13,0.0047,0.0053,1279.81,1276.12,
2002-03-14,0.0047,0.0053,1280.71,1277.02,
2002-03-15,0.0046,0.0052,1282.23,1278.53,
2002-03-18,0.0046,0.0052,1283.13,1279.43,
2002-03-19,0.0047,0.0053,1283.41,1279.72,
2002-03-20,0.0047,0.0053,1284.31,1280.62,
2002-03-21,0.0047,0.0053,1285.2,1281.51,
2002-03-22,0.0045,0.0051,1287.33,1283.63,
2002-03-25,0.0045,0.0051,1288.22,1284.53,
2002-03-26,0.0046,0.0052,1288.5,1284.8,
2002-03-27,0.0045,0.0051,1290.01,1286.31,
2002-03-28,0.0046,0.0052,1290.28,1286.59,
2002-04-01,0.0045,0.0051,1291.79,1288.1,
2002-04-02,0.0044,0.005,1293.3,1289.61,
2002-04-03,0.0044,0.005,1294.19,1290.5,
2002-04-04,0.0043,0.0049,1295.7,1292.0,
2002-04-05,0.0046,0.0052,1294.74,1291.05,
2002-04-08,0.0047,0.0053,1295.02,1291.33,
2002-04-09,0.0057,0.0063,1289.78,1286.11,
2002-04-10,0.0063,0.0069,1287.01,1283.35,
2002-04-11,0.0062,0.0068,1288.51,1284.86,
2002-04-12,0.0062,0.0068,1289.41,1285.75,
2002-04-15,0.0062,0.0068,1290.3,1286.65,
2002-04-16,0.0062,0.0068,1291.2,1287.55,
2002-04-17,0.0062,0.0068,1292.1,1288.45,
2002-04-18,0.0062,0.0068,1292.99,1289.35,
2002-04-19,0.0062,0.0068,1293.89,1290.24,
2002-04-22,0.0062,0.0068,1294.79,1291.14,
2002-04-23,0.0062,0.0068,1295.69,1292.04,
2002-04-24,0.0062,0.0068,1296.59,1292.94,
2002-04-25,0.0062,0.0068,1297.49,1293.84,
2002-04-26,0.0062,0.0068,1298.39,1294.74,
2002-04-29,0.0062,0.0068,1299.29,1295.64,
2002-04-30,0.0064,0.007,1298.97,1295.33,
2002-05-02,0.007,0.0076,1296.22,1292.59,
2002-05-03,0.008,0.0086,1291.08,1287.48,
2002-05-06,0.0088,0.0094,1287.18,1283.59,
2002-05-07,0.0089,0.0095,1287.49,1283.9,
2002-05-08,0.0075,0.0081,1296.81,1293.19,
2002-05-09,0.0084,0.009,1292.29,1288.69,
2002-05-10,0.0083,0.0089,1293.8,1290.2,
2002-05-13,0.0083,0.0089,1294.71,1291.11,
2002-05-14,0.0095,0.0101,1288.43,1284.86,
2002-05-15,0.0102,0.0108,1285.18,1281.62,
2002-05-16,0.0101,0.0107,1287.55,1283.99,
2002-05-17,0.0101,0.0107,1287.6,1284.04,
2002-05-20,0.0105,0.0111,1286.14,1282.59,
2002-05-21,0.0101,0.0107,1289.43,1285.87,
2002-05-22,0.0101,0.0107,1290.35,1286.79,
2002-05-23,0.0103,0.0109,1290.08,1286.52,
2002-05-24,0.0102,0.0108,1291.59,1288.03,
2002-05-27,0.0105,0.0111,1290.73,1287.18,
2002-05-28,0.0107,0.0113,1290.46,1286.92,
2002-05-29,0.0109,0.0115,1290.2,1286.66,
2002-05-31,0.0148,0.0154,1268.32,1264.86,
2002-06-03,0.0162,0.0168,1261.17,1257.73,
2002-06-04,0.0161,0.0167,1262.62,1259.18,
2002-06-05,0.016,0.0166,1264.02,1260.58,
2002-06-06,0.0158,0.0164,1266.03,1262.59,
2002-06-07,0.0159,0.0165,1266.36,1262.92,
2002-06-10,0.0159,0.0165,1267.29,1263.84,
2002-06-11,0.016,0.0166,1267.64,1264.2,
2002-06-12,0.0162,0.0168,1267.42,1263.98,
2002-06-13,0.016,0.0166,1269.49,1266.05,
2002-06-14,0.0162,0.0168,1269.27,1265.84,
2002-06-17,0.0201,0.0207,1248.1,1244.74,
2002-06-18,0.0151,0.0157,1277.45,1274.0,
2002-06-19,0.014,0.0146,1284.74,1281.27,
2002-06-20,0.0143,0.0149,1283.94,1280.47,
2002-06-21,0.0143,0.0149,1284.87,1281.41,
2002-06-24,0.0152,0.0158,1280.61,1277.17,
2002-06-25,0.0154,0.016,1280.4,1276.96,
2002-06-26,0.0153,0.0159,1281.91,1278.46,
2002-06-27,0.0151,0.0157,1284.0,1280.55,
2002-06-28,0.0154,0.016,1283.21,1279.77,
2002-07-01,0.0155,0.0161,1283.57,1280.13,
2002-07-02,0.0158,0.0164,1282.79,1279.36,
2002-07-03,0.016,0.0166,1282.59,1279.16,
2002-07-04,0.0158,0.0164,1284.67,1281.24,
2002-07-05,0.0162,0.0168,1283.32,1279.9,
2002-07-08,0.016,0.0166,1285.41,1281.98,
2002-07-09,0.016,0.0166,1286.35,1282.93,
2002-07-10,0.0159,0.0165,1287.87,1284.44,
2002-07-11,0.016,0.0166,1288.24,1284.82,
2002-07-12,0.016,0.0166,1289.19,1285.76,
2002-07-15,0.0161,0.0167,1289.56,1286.14,
2002-07-16,0.0189,0.0195,1274.62,1271.25,
2002-07-17,0.0191,0.0197,1274.45,1271.08,
2002-07-18,0.019,0.0196,1275.94,1272.57,
2002-07-19,0.019,0.0196,1276.87,1273.5,
2002-07-22,0.019,0.0196,1277.8,1274.43,
2002-07-23,0.0188,0.0194,1279.85,1276.48,
2002-07-24,0.0188,0.0194,1280.78,1277.41,
2002-07-25,0.0192,0.0198,1279.47,1276.1,
2002-07-26,0.0192,0.0198,1280.4,1277.03,
2002-07-29,0.0195,0.0201,1279.65,1276.29,
2002-07-30,0.0194,0.02,1281.14,1277.78,
2002-07-31,0.0206,0.0212,1275.37,1272.03,
2002-08-01,0.0206,0.0212,1276.31,1272.97,
2002-08-02,0.0204,0.021,1278.35,1275.02,
2002-08-05,0.0203,0.0209,1279.85,1276.51,
2002-08-06,0.0222,0.0228,1270.25,1266.94,
2002-08-07,0.0222,0.0228,1271.19,1267.88,
2002-08-08,0.0222,0.0228,1272.13,1268.82,
2002-08-09,0.0223,0.0229,1272.51,1269.21,
2002-08-12,0.0253,0.0259,1257.05,1253.8,
2002-08-13,0.0256,0.0262,1256.37,1253.12,
2002-08-14,0.0263,0.0269,1253.53,1250.3,
2002-08-15,0.0266,0.0272,1252.86,1249.63,
2002-08-16,0.026,0.0266,1257.04,1253.81,
2002-08-19,0.0254,0.026,1261.23,1257.99,
2002-08-20,0.0252,0.0258,1263.27,1260.02,
2002-08-21,0.0251,0.0257,1264.76,1261.51,
2002-08-22,0.0247,0.0253,1267.88,1264.62,
2002-08-23,0.0246,0.0252,1269.37,1266.11,
2002-08-26,0.0243,0.0249,1271.95,1268.69,
2002-08-27,0.0239,0.0245,1275.08,1271.81,
2002-08-28,0.0235,0.0241,1278.21,1274.94,
2002-08-29,0.023,0.0236,1281.9,1278.62,
2002-08-30,0.0227,0.0233,1284.5,1281.21,
2002-09-02,0.0221,0.0227,1288.75,1285.45,
2002-09-03,0.0221,0.0227,1289.7,1286.4,
2002-09-04,0.0219,0.0225,1291.75,1288.45,
2002-09-05,0.0216,0.0222,1294.36,1291.06,
2002-09-06,0.0216,0.0222,1295.32,1292.01,
2002-09-09,0.0214,0.022,1297.38,1294.07,
2002-09-10,0.0214,0.022,1298.33,1295.03,
2002-09-11,0.0213,0.0219,1299.84,1296.54,
2002-09-12,0.0214,0.022,1300.25,1296.94,
2002-09-13,0.0213,0.0219,1301.76,1298.45,
2002-09-16,0.0213,0.0219,1302.72,1299.41,
2002-09-17,0.0214,0.022,1303.13,1299.83,
2002-09-18,0.0213,0.0219,1304.64,1301.34,
2002-09-19,0.0211,0.0217,1306.71,1303.4,
2002-09-20,0.0213,0.0219,1306.57,1303.26,
2002-09-23,0.0212,0.0218,1308.08,1304.78,
2002-09-24,0.0212,0.0218,1309.04,1305.74,
2002-09-25,0.0213,0.0219,1309.46,1306.16,
2002-09-26,0.0215,0.0221,1309.32,1306.03,
2002-09-27,0.0216,0.0222,1309.74,1306.44,
2002-09-30,0.0217,0.0223,1310.16,1306.86,
2002-10-01,0.0218,0.0224,1310.57,1307.28,
2002-10-02,0.0218,0.0224,1311.54,1308.25,
2002-10-03,0.0218,0.0224,1312.51,1309.22,
2002-10-04,0.0217,0.0223,1314.03,1310.74,
2002-10-07,0.0217,0.0223,1315.0,1311.71,
2002-10-08,0.0217,0.0223,1315.98,1312.69,
2002-10-09,0.0218,0.0224,1316.4,1313.11,
2002-10-10,0.0218,0.0224,1317.37,1314.09,
2002-10-11,0.0218,0.0224,1318.35,1315.06,
2002-10-14,0.0217,0.0223,1319.87,1316.58,
2002-10-15,0.0217,0.0223,1320.98,1317.69,
2002-10-16,0.0217,0.0223,1322.08,1318.8,
2002-10-17,0.0217,0.0223,1323.19,1319.91,
2002-10-18,0.0217,0.0223,1324.3,1321.02,
2002-10-21,0.0216,0.0222,1325.96,1322.68,
2002-10-22,0.0216,0.0222,1327.07,1323.79,
2002-10-23,0.0216,0.0222,1328.19,1324.9,
2002-10-24,0.0216,0.0222,1329.3,1326.01,
2002-10-25,0.0216,0.0222,1329.41,1326.13,
2002-10-28,0.0215,0.0221,1332.08,1328.79,
2002-10-29,0.0215,0.0221,1333.19,1329.91,
2002-10-30,0.0214,0.022,1334.86,1331.57,
2002-10-31,0.0214,0.022,1335.98,1332.69,
2002-11-01,0.0214,0.022,1337.1,1333.81,
2002-11-04,0.0214,0.022,1338.22,1334.93,
2002-11-05,0.0214,0.022,1339.34,1336.05,
2002-11-06,0.0214,0.022,1340.46,1337.17,
2002-11-07,0.0214,0.022,1341.58,1338.3,
2002-11-08,0.0214,0.022,1342.71,1339.42,
2002-11-11,0.0214,0.022,1343.83,1340.55,
2002-11-12,0.0214,0.022,1344.95,1341.67,
2002-11-13,0.0214,0.022,1346.08,1342.8,
2002-11-14,0.0214,0.022,1347.21,1343.93,
2002-11-18,0.0214,0.022,1348.34,1345.05,
2002-11-19,0.0214,0.022,1349.47,1346.18,
2002-11-20,0.0213,0.0219,1351.14,1347.86,
2002-11-21,0.0211,0.0217,1353.42,1350.13,
2002-11-22,0.0208,0.0214,1356.24,1352.95,
2002-11-25,0.0208,0.0214,1357.42,1354.13,
2002-11-26,0.0206,0.0212,1359.69,1356.4,
2002-11-27,0.0204,0.021,1361.97,1358.68,
2002-11-28,0.0204,0.021,1363.15,1359.86,
2002-11-29,0.0203,0.0209,1364.99,1361.7,
2002-12-02,0.0203,0.0209,1366.07,1362.77,
2002-12-03,0.0202,0.0208,1367.8,1364.5,
2002-12-04,0.0202,0.0208,1368.98,1365.68,
2002-12-05,0.02,0.0206,1371.27,1367.97,
2002-12-06,0.02,0.0206,1372.46,1369.15,
2002-12-09,0.0199,0.0205,1374.19,1370.89,
2002-12-10,0.0199,0.0205,1375.38,1372.08,
2002-12-11,0.0198,0.0204,1377.12,1373.82,
2002-12-12,0.0197,0.0203,1378.86,1375.56,
2002-12-13,0.0197,0.0203,1380.05,1376.75,
2002-12-16,0.0197,0.0203,1381.25,1377.94,
2002-12-17,0.0196,0.0202,1382.99,1379.69,
2002-12-18,0.0195,0.0201,1384.74,1381.43,
2002-12-19,0.0194,0.02,1386.62,1383.31,
2002-12-20,0.0194,0.02,1387.95,1384.64,
2002-12-23,0.0193,0.0199,1389.93,1386.63,
2002-12-24,0.0193,0.0199,1391.16,1387.85,
2002-12-26,0.0193,0.0199,1392.5,1389.19,
2002-12-27,0.0193,0.0199,1393.83,1390.52,
2002-12-30,0.0192,0.0198,1395.83,1392.52,
2002-12-31,0.0192,0.0198,1397.06,1393.75,
2003-01-02,0.0192,0.0198,1398.4,1395.08,
2003-01-03,0.0192,0.0198,1399.73,1396.42,
2003-01-06,0.0192,0.0198,1401.08,1397.77,
2003-01-07,0.0192,0.0198,1402.42,1399.11,
2003-01-08,0.0189,0.0195,1405.42,1402.11,
2003-01-09,0.0189,0.0195,1406.77,1403.45,
2003-01-10,0.0185,0.0191,1410.33,1407.01,
2003-01-13,0.0184,0.019,1412.23,1408.91,
2003-01-14,0.0183,0.0189,1414.14,1410.81,
2003-01-15,0.0183,0.0189,1415.49,1412.16,
2003-01-16,0.0182,0.0188,1417.39,1414.07,
2003-01-17,0.0182,0.0188,1418.74,1415.42,
2003-01-20,0.0182,0.0188,1420.1,1416.77,
2003-01-21,0.0182,0.0188,1421.45,1418.13,
2003-01-22,0.0182,0.0188,1422.81,1419.49,
2003-01-23,0.0182,0.0188,1424.19,1420.86,
2003-01-24,0.0182,0.0188,1425.57,1422.25,
2003-01-27,0.0181,0.0189,1427.51,1423.08,
2003-01-28,0.0181,0.0189,1428.9,1424.46,
2003-01-29,0.0181,0.0189,1430.28,1425.85,
2003-01-30,0.0181,0.0189,1431.67,1427.24,
2003-01-31,0.0181,0.0189,1433.06,1428.62,
2003-02-03,0.0181,0.0189,1434.44,1430.01,
2003-02-04,0.0181,0.0189,1435.83,1431.4,
2003-02-05,0.018,0.0188,1437.78,1433.35,
2003-02-06,0.018,0.0188,1439.18,1434.74,
2003-02-07,0.018,0.0188,1440.57,1436.14,
2003-02-10,0.0179,0.0187,1442.52,1438.08,
2003-02-11,0.0179,0.0187,1443.92,1439.48,
2003-02-12,0.0179,0.0187,1445.31,1440.88,
2003-02-13,0.0179,0.0187,1446.71,1442.28,
2003-02-14,0.0179,0.0187,1448.11,1443.68,
2003-02-17,0.0179,0.0187,1449.51,1445.07,
2003-02-18,0.0179,0.0187,1450.91,1446.48,
2003-02-19,0.0179,0.0187,1452.31,1447.88,
2003-02-20,0.0178,0.0186,1454.32,1449.88,
2003-02-21,0.0178,0.0186,1455.76,1451.33,
2003-02-24,0.0178,0.0186,1457.22,1452.78,
2003-02-25,0.0178,0.0186,1458.67,1454.23,
2003-02-26,0.0178,0.0186,1460.12,1455.69,
2003-02-27,0.0178,0.0186,1461.58,1457.14,
2003-02-28,0.0178,0.0186,1463.03,1458.6,
2003-03-05,0.0178,0.0186,1464.6,1460.16,1458.7
2003-03-06,0.0178,0.0186,1465.95,1461.52,1459.94
2003-03-07,0.0178,0.0186,1467.41,1462.98,1461.51
2003-03-10,0.0177,0.0185,1469.43,1464.99,1463.52
2003-03-11,0.0177,0.0185,1470.9,1466.46,1464.99
2003-03-12,0.0177,0.0185,1472.36,1467.92,1466.45
2003-03-13,0.0177,0.0185,1473.83,1469.39,1467.92
2003-03-14,0.0177,0.0185,1475.3,1470.86,1469.38
2003-03-17,0.0176,0.0184,1477.33,1472.89,1471.41
2003-03-18,0.0176,0.0184,1478.8,1474.36,1472.88
2003-03-19,0.0176,0.0184,1480.27,1475.83,1474.35
2003-03-20,0.0176,0.0184,1481.75,1477.31,1475.83
2003-03-21,0.0176,0.0184,1483.23,1478.79,1477.3
2003-03-24,0.0176,0.0184,1484.71,1480.27,1478.78
2003-03-25,0.0175,0.0183,1486.74,1482.3,1480.82
2003-03-26,0.0175,0.0183,1488.23,1483.79,1482.3
2003-03-27,0.0174,0.0182,1490.27,1485.82,1484.33
2003-03-28,0.0174,0.0182,1491.75,1487.31,1485.82
2003-03-31,0.0174,0.0182,1493.24,1488.8,1487.3
2003-04-01,0.0174,0.0182,1494.72,1490.28,1488.79
2003-04-02,0.0171,0.0179,1497.88,1493.44,1491.94
2003-04-03,0.0168,0.0176,1501.05,1496.59,1495.09
2003-04-04,0.0167,0.0175,1503.09,1498.64,1497.14
2003-04-07,0.0167,0.0175,1504.59,1500.13,1498.63
2003-04-08,0.0166,0.0174,1506.64,1502.18,1500.68
2003-04-09,0.0156,0.0164,1513.73,1509.25,1507.75
2003-04-10,0.0155,0.0163,1515.79,1511.31,1509.8
2003-04-11,0.0154,0.0162,1517.85,1513.37,1511.86
2003-04-14,0.0152,0.016,1520.47,1515.98,1514.48
2003-04-15,0.015,0.0158,1523.1,1518.61,1517.1
2003-04-16,0.015,0.0158,1524.6,1520.11,1518.6
2003-04-17,0.0151,0.0159,1525.54,1521.05,1519.54
2003-04-22,0.0151,0.0159,1527.05,1522.56,1521.05
2003-04-23,0.0148,0.0156,1530.24,1525.75,1524.23
2003-04-24,0.0147,0.0155,1532.31,1527.82,1526.3
2003-04-25,0.0145,0.0153,1534.95,1530.45,1528.93
2003-04-28,0.0145,0.0153,1536.46,1531.96,1530.44
2003-04-29,0.0145,0.0153,1537.97,1533.48,1531.95
2003-04-30,0.0143,0.0151,1540.61,1536.11,1534.59
2003-05-02,0.0142,0.015,1542.69,1538.19,1536.67
2003-05-05,0.0141,0.0149,1544.77,1540.27,1538.75
2003-05-06,0.0141,0.0149,1546.29,1541.79,1540.26
2003-05-07,0.014,0.0148,1548.38,1543.87,1542.34
2003-05-08,0.0141,0.0149,1549.34,1544.83,1543.3
2003-05-09,0.014,0.0148,1551.42,1546.92,1545.39
2003-05-12,0.014,0.0148,1552.95,1548.44,1546.91
2003-05-13,0.0139,0.0147,1555.04,1550.53,1549.0
2003-05-14,0.0139,0.0147,1556.57,1552.06,1550.53
2003-05-15,0.0138,0.0146,1558.66,1554.15,1552.62
2003-05-16,0.0135,0.0143,1561.88,1557.37,1555.83
2003-05-19,0.0134,0.0142,1563.98,1559.47,1557.93
2003-05-20,0.0134,0.0142,1565.51,1561.0,1559.46
2003-05-21,0.0132,0.014,1568.18,1563.66,1562.12
2003-05-22,0.0131,0.0139,1570.28,1565.76,1564.22
2003-05-23,0.0129,0.0137,1572.95,1568.43,1566.88
2003-05-26,0.0127,0.0135,1575.62,1571.1,1569.55
2003-05-27,0.0126,0.0134,1577.73,1573.2,1571.65
2003-05-28,0.0124,0.0132,1580.4,1575.87,1574.32
2003-05-29,0.0123,0.0131,1582.51,1577.98,1576.43
2003-05-30,0.0122,0.013,1584.62,1580.09,1578.53
2003-06-02,0.0121,0.0129,1586.73,1582.2,1580.64
2003-06-03,0.012,0.0128,1588.85,1584.31,1582.75
2003-06-04,0.0118,0.0126,1591.53,1586.99,1585.43
2003-06-05,0.0117,0.0125,1593.65,1589.1,1587.54
2003-06-06,0.0116,0.0124,1595.76,1591.22,1589.66
2003-06-09,0.0115,0.0123,1597.88,1593.34,1591.77
2003-06-10,0.0113,0.0121,1600.57,1596.02,1594.46
2003-06-11,0.0111,0.0119,1603.27,1598.71,1597.15
2003-06-12,0.011,0.0118,1605.39,1600.84,1599.27
2003-06-13,0.0108,0.0116,1608.09,1603.53,1601.96
2003-06-16,0.0107,0.0115,1610.22,1605.66,1604.09
2003-06-17,0.0093,0.0101,1619.79,1615.2,1613.63
2003-06-18,0.0093,0.0101,1621.35,1616.77,1615.19
2003-06-20,0.0093,0.0101,1622.89,1618.3,1616.75
2003-06-23,0.0093,0.0101,1624.42,1619.84,1618.29
2003-06-24,0.0089,0.0097,1628.26,1623.67,1622.12
2003-06-25,0.0083,0.0091,1633.25,1628.65,1627.1
2003-06-26,0.0082,0.009,1635.37,1630.76,1629.21
2003-06-27,0.0082,0.009,1636.91,1632.31,1630.75
2003-06-30,0.0082,0.009,1638.45,1633.85,1632.29
2003-07-01,0.008,0.0088,1641.15,1636.54,1634.99
2003-07-02,0.008,0.0088,1642.7,1638.09,1636.53
2003-07-03,0.0079,0.0087,1644.82,1640.21,1638.65
2003-07-04,0.0079,0.0087,1646.37,1641.76,1640.2
2003-07-07,0.0078,0.0086,1648.49,1643.89,1642.32
2003-07-08,0.0078,0.0086,1650.05,1645.44,1643.87
2003-07-09,0.0077,0.0085,1652.17,1647.57,1646.0
2003-07-10,0.0077,0.0085,1653.73,1649.12,1647.55
2003-07-11,0.0076,0.0084,1655.86,1651.25,1649.68
2003-07-14,0.0075,0.0083,1657.99,1653.38,1651.81
2003-07-15,0.0074,0.0082,1660.13,1655.52,1653.94
2003-07-16,0.0074,0.0082,1661.68,1657.07,1655.5
2003-07-17,0.0073,0.0081,1663.82,1659.21,1657.64
2003-07-18,0.0073,0.0081,1665.38,1660.77,1659.2
2003-07-21,0.0072,0.008,1667.52,1662.91,1661.33
2003-07-22,0.0072,0.008,1669.08,1664.47,1662.89
2003-07-23,0.007,0.0078,1671.8,1667.19,1665.61
2003-07-24,0.0068,0.0076,1674.44,1669.82,1668.32
2003-07-25,0.0068,0.0076,1675.93,1671.31,1669.81
2003-07-28,0.0067,0.0075,1678.0,1673.38,1671.88
2003-07-29,0.0066,0.0074,1680.07,1675.45,1673.95
2003-07-30,0.0066,0.0074,1681.57,1676.95,1675.44
2003-07-31,0.0065,0.0073,1683.64,1679.02,1677.51
2003-08-01,0.0066,0.0074,1684.56,1679.94,1678.44
2003-08-04,0.0069,0.0077,1684.33,1679.72,1678.21
2003-08-05,0.0074,0.0082,1682.95,1678.35,1676.84
2003-08-06,0.0075,0.0083,1683.88,1679.29,1677.77
2003-08-07,0.0075,0.0083,1685.39,1680.8,1679.28
2003-08-08,0.0075,0.0083,1686.9,1682.31,1680.79
2003-08-11,0.0074,0.0082,1688.98,1684.39,1682.87
2003-08-12,0.0073,0.0081,1691.07,1686.47,1684.96
2003-08-13,0.0072,0.008,1693.15,1688.56,1687.04
2003-08-14,0.0071,0.0079,1695.24,1690.65,1689.13
2003-08-15,0.0069,0.0077,1697.91,1693.31,1691.79
2003-08-18,0.0068,0.0076,1699.99,1695.4,1693.87
2003-08-19,0.0067,0.0075,1702.09,1697.49,1695.96
2003-08-20,0.0066,0.0074,1704.18,1699.58,1698.05
2003-08-21,0.0065,0.0073,1706.13,1701.53,1700.14
2003-08-22,0.0065,0.0073,1707.51,1702.91,1701.52
2003-08-25,0.0064,0.0072,1709.47,1704.87,1703.48
2003-08-26,0.0064,0.0072,1710.85,1706.26,1704.86
2003-08-27,0.0063,0.0071,1712.81,1708.22,1706.82
2003-08-28,0.0063,0.0071,1714.2,1709.61,1708.21
2003-08-29,0.0063,0.0071,1715.59,1710.99,1709.6
2003-09-01,0.0063,0.0071,1716.97,1712.38,1710.98
2003-09-02,0.0063,0.0071,1718.36,1713.77,1712.37
2003-09-03,0.0063,0.0071,1719.75,1715.16,1713.76
2003-09-04,0.0063,0.0071,1721.14,1716.56,1715.15
2003-09-05,0.0063,0.0071,1722.54,1717.95,1716.55
2003-09-08,0.0062,0.007,1724.5,1719.92,1718.51
2003-09-09,0.0062,0.007,1725.9,1721.32,1719.91
2003-09-10,0.0062,0.007,1727.29,1722.71,1721.31
2003-09-11,0.0062,0.007,1728.69,1724.11,1722.7
2003-09-12,0.0062,0.007,1730.09,1725.51,1724.1
2003-09-15,0.0061,0.0069,1732.06,1727.48,1726.07
2003-09-16,0.006,0.0068,1734.03,1729.46,1728.05
2003-09-17,0.006,0.0068,1735.44,1730.86,1729.45
2003-09-18,0.006,0.0068,1736.72,1732.15,1730.85
2003-09-19,0.0059,0.0067,1738.58,1734.01,1732.71
2003-09-22,0.0059,0.0067,1739.88,1735.3,1734.0
2003-09-23,0.0059,0.0067,1741.17,1736.6,1735.29
2003-09-24,0.0059,0.0067,1742.46,1737.89,1736.59
2003-09-25,0.0059,0.0067,1743.75,1739.19,1737.88
2003-09-26,0.0059,0.0067,1745.05,1740.48,1739.18
2003-09-29,0.0059,0.0067,1746.34,1741.78,1740.47
2003-09-30,0.0059,0.0067,1747.64,1743.08,1741.77
2003-10-01,0.0059,0.0067,1748.93,1744.38,1743.07
2003-10-02,0.0059,0.0067,1750.23,1745.67,1744.37
2003-10-03,0.0059,0.0067,1751.53,1746.97,1745.66
2003-10-06,0.0058,0.0066,1753.4,1748.84,1747.53
2003-10-07,0.0058,0.0066,1754.7,1750.15,1748.83
2003-10-08,0.0058,0.0066,1756.0,1751.45,1750.14
2003-10-09,0.0057,0.0065,1757.87,1753.32,1752.01
2003-10-10,0.0058,0.0066,1758.6,1754.06,1752.74
2003-10-13,0.0057,0.0065,1760.48,1755.93,1754.62
2003-10-14,0.0056,0.0064,1762.35,1757.81,1756.49
2003-10-15,0.0055,0.0063,1764.22,1759.68,1758.36
2003-10-16,0.0054,0.0062,1766.1,1761.55,1760.24
2003-10-17,0.0053,0.0061,1767.97,1763.43,1762.11
2003-10-20,0.0053,0.0061,1769.28,1764.74,1763.42
2003-10-21,0.0051,0.0059,1771.73,1767.18,1765.86
2003-10-22,0.0051,0.0059,1773.03,1768.49,1767.17
2003-10-23,0.0051,0.0059,1774.28,1769.75,1768.48
2003-10-24,0.0051,0.0059,1775.54,1771.0,1769.74
2003-10-27,0.0051,0.0059,1776.79,1772.26,1770.99
2003-10-28,0.0051,0.0059,1778.04,1773.51,1772.25
2003-10-29,0.0051,0.0059,1779.3,1774.77,1773.5
2003-10-30,0.0051,0.0059,1780.55,1776.03,1774.76
2003-10-31,0.0051,0.0059,1781.81,1777.29,1776.02
2003-11-03,0.0051,0.0059,1783.07,1778.55,1777.28
2003-11-04,0.0051,0.0059,1784.33,1779.81,1778.54
2003-11-05,0.005,0.0058,1786.15,1781.63,1780.36
2003-11-06,0.0049,0.0057,1787.98,1783.46,1782.19
2003-11-07,0.0048,0.0056,1789.8,1785.29,1784.01
2003-11-10,0.0047,0.0055,1791.63,1787.11,1785.84
2003-11-11,0.0047,0.0055,1792.89,1788.38,1787.1
2003-11-12,0.0045,0.0053,1795.28,1790.77,1789.49
2003-11-13,0.0044,0.005,1797.11,1793.72,1792.45
2003-11-14,0.0042,0.0048,1799.5,1796.11,1794.84
2003-11-17,0.0041,0.0047,1801.33,1797.94,1796.67
2003-11-18,0.0041,0.0047,1802.59,1799.21,1797.93
2003-11-19,0.004,0.0046,1804.42,1801.04,1799.76
2003-11-20,0.0037,0.0043,1807.29,1803.9,1802.72
2003-11-21,0.0033,0.0039,1810.72,1807.33,1806.15
2003-11-24,0.0029,0.0035,1814.16,1810.77,1809.58
2003-11-25,0.0029,0.0035,1815.33,1811.94,1810.76
2003-11-26,0.0023,0.0029,1819.9,1816.51,1815.32
2003-11-27,0.0022,0.0028,1821.64,1818.24,1817.06
2003-11-28,0.0021,0.0027,1823.38,1819.98,1818.8
2003-12-01,0.0019,0.0025,1825.68,1822.29,1821.1
2003-12-02,0.0016,0.0022,1828.56,1825.16,1823.97
2003-12-03,0.0016,0.0022,1829.73,1826.33,1825.15
2003-12-04,0.0016,0.0022,1830.9,1827.51,1826.32
2003-12-05,0.0016,0.0022,1832.07,1828.68,1827.5
2003-12-08,0.0016,0.0022,1833.25,1829.86,1828.67
2003-12-09,0.0016,0.0022,1834.42,1831.03,1829.85
2003-12-10,0.0015,0.0021,1836.16,1832.77,1831.59
2003-12-11,0.0015,0.0021,1837.34,1833.95,1832.76
2003-12-12,0.0015,0.0021,1838.51,1835.13,1833.94
2003-12-15,0.0015,0.0021,1839.69,1836.31,1835.12
2003-12-16,0.0015,0.0021,1840.86,1837.48,1836.29
2003-12-17,0.0014,0.002,1842.6,1839.22,1838.03
2003-12-18,0.0014,0.002,1843.71,1840.34,1839.21
2003-12-19,0.0014,0.002,1844.83,1841.46,1840.33
2003-12-22,0.0014,0.002,1845.95,1842.58,1841.45
2003-12-23,0.0013,0.0019,1847.63,1844.26,1843.13
2003-12-24,0.0013,0.0019,1848.75,1845.38,1844.25
2003-12-26,0.0013,0.0019,1849.87,1846.5,1845.37
2003-12-29,0.0013,0.0019,1850.99,1847.63,1846.49
2003-12-30,0.0013,0.0019,1852.11,1848.75,1847.62
2003-12-31,0.0012,0.0018,1853.79,1850.43,1849.3
2004-01-02,0.0012,0.0018,1854.92,1851.56,1850.42
2004-01-05,0.0012,0.0018,1856.04,1852.68,1851.55
2004-01-06,0.0011,0.0017,1857.72,1854.37,1853.23
2004-01-07,0.001,0.0016,1859.41,1856.05,1854.92
2004-01-08,0.0009,0.0015,1861.09,1857.74,1856.6
2004-01-09,0.0008,0.0014,1862.77,1859.42,1858.28
2004-01-12,0.0005,0.0011,1865.57,1862.22,1861.08
2004-01-13,0.0003,0.0009,1867.81,1864.46,1863.33
2004-01-14,0.0002,0.0008,1869.5,1866.15,1865.01
2004-01-15,0.0002,0.0008,1870.62,1867.27,1866.13
2004-01-16,0.0002,0.0008,1871.74,1868.4,1867.26
2004-01-19,0.0001,0.0007,1873.43,1870.08,1868.94
2004-01-20,0.0,0.0006,1875.11,1871.76,1870.62
2004-01-21,0.0,0.0006,1876.23,1872.89,1871.75
2004-01-22,-0.0001,0.0005,1877.91,1874.57,1873.43
2004-01-23,-0.0001,0.0005,1879.04,1875.7,1874.56
2004-01-26,-0.0001,0.0005,1880.17,1876.83,1875.69
2004-01-27,-0.0001,0.0005,1881.29,1877.96,1876.82
2004-01-28,-0.0001,0.0005,1882.42,1879.09,1877.95
2004-01-29,-0.0001,0.0005,1883.55,1880.22,1879.08
2004-01-30,0.0,0.0006,1884.13,1880.8,1879.66
2004-02-02,0.0,0.0006,1885.25,1881.93,1880.79
2004-02-03,0.0,0.0006,1886.38,1883.06,1881.92
2004-02-04,0.0001,0.0007,1886.96,1883.64,1882.5
2004-02-05,0.0001,0.0007,1888.09,1884.78,1883.63
2004-02-06,0.0002,0.0008,1888.67,1885.36,1884.21
2004-02-09,0.0003,0.0009,1889.25,1885.94,1884.79
2004-02-10,0.0003,0.0009,1890.38,1887.08,1885.93
2004-02-11,0.0002,0.0008,1892.06,1888.76,1887.61
2004-02-12,0.0002,0.0008,1893.2,1889.9,1888.75
2004-02-13,0.0002,0.0008,1894.33,1891.04,1889.88
2004-02-16,0.0002,0.0008,1895.47,1892.18,1891.02
2004-02-17,0.0002,0.0008,1896.61,1893.32,1892.17
2004-02-18,0.0001,0.0007,1898.3,1895.01,1893.86
2004-02-19,0.0001,0.0007,1899.44,1896.15,1895.0
2004-02-20,0.0002,0.0008,1900.04,1896.75,1895.6
2004-02-25,0.0002,0.0008,1901.18,1897.89,1896.74
2004-02-26,0.0002,0.0008,1902.32,1899.04,1897.88
2004-02-27,0.0002,0.0008,1903.46,1900.18,1899.03
2004-03-01,0.0002,0.0008,1904.6,1901.33,1900.17
2004-03-02,0.0002,0.0008,1905.75,1902.47,1901.32
2004-03-03,0.0002,0.0008,1906.89,1903.62,1902.46
2004-03-04,0.0002,0.0008,1908.03,1904.77,1903.61
2004-03-05,0.0002,0.0008,1909.18,1905.91,1904.75
2004-03-08,0.0002,0.0008,1910.32,1907.06,1905.9
2004-03-09,0.0002,0.0008,1911.47,1908.21,1907.05
2004-03-10,0.0002,0.0008,1912.61,1909.36,1908.2
2004-03-11,0.0002,0.0008,1913.76,1910.51,1909.34
2004-03-12,0.0002,0.0008,1914.91,1911.66,1910.49
2004-03-15,0.0003,0.0009,1915.51,1912.26,1911.1
2004-03-16,0.0003,0.0009,1916.66,1913.41,1912.25
2004-03-17,0.0003,0.0009,1917.81,1914.57,1913.4
2004-03-18,0.0003,0.0009,1918.94,1915.7,1914.55
2004-03-19,0.0003,0.0009,1920.07,1916.84,1915.68
2004-03-22,0.0003,0.0009,1921.21,1917.97,1916.82
2004-03-23,0.0003,0.0009,1922.35,1919.12,1917.96
2004-03-24,0.0004,0.001,1922.95,1919.72,1918.57
2004-03-25,0.0004,0.001,1924.09,1920.87,1919.72
2004-03-26,0.0004,0.001,1925.24,1922.02,1920.86
2004-03-29,0.0004,0.001,1926.38,1923.16,1922.01
2004-03-30,0.0005,0.0011,1926.99,1923.78,1922.62
2004-03-31,0.0005,0.0011,1928.13,1924.92,1923.76
2004-04-01,0.0005,0.0011,1929.28,1926.07,1924.91
2004-04-02,0.0007,0.0013,1929.36,1926.15,1924.99
2004-04-05,0.0007,0.0013,1930.51,1927.31,1926.14
2004-04-06,0.0007,0.0013,1931.66,1928.46,1927.3
2004-04-07,0.0012,0.0018,1930.14,1926.95,1925.79
2004-04-08,0.0017,0.0023,1928.64,1925.46,1924.29
2004-04-12,0.0019,0.0025,1928.73,1925.56,1924.39
2004-04-13,0.002,0.0026,1929.36,1926.19,1925.02
2004-04-14,0.002,0.0026,1930.52,1927.35,1926.17
2004-04-15,0.0021,0.0027,1931.13,1927.96,1926.81
2004-04-16,0.0023,0.0029,1931.22,1928.06,1926.9
2004-04-19,0.0025,0.0031,1931.31,1928.15,1926.99
2004-04-20,0.0025,0.0031,1932.46,1929.31,1928.15
2004-04-22,0.0025,0.0031,1933.61,1930.46,1929.3
2004-04-23,0.0026,0.0032,1934.23,1931.09,1929.92
2004-04-26,0.0026,0.0032,1935.38,1932.24,1931.08
2004-04-27,0.0026,0.0032,1936.53,1933.39,1932.23
2004-04-28,0.0026,0.0032,1937.68,1934.54,1933.38
2004-04-29,0.0028,0.0034,1937.78,1934.65,1933.48
2004-04-30,0.0028,0.0034,1938.93,1935.8,1934.64
2004-05-03,0.003,0.0036,1939.04,1935.92,1934.75
2004-05-04,0.0031,0.0037,1939.67,1936.55,1935.38
2004-05-05,0.0036,0.0042,1938.22,1935.11,1933.94
2004-05-06,0.004,0.0046,1937.3,1934.2,1933.02
2004-05-07,0.0041,0.0047,1937.94,1934.84,1933.67
2004-05-10,0.0041,0.0047,1939.1,1936.0,1934.82
2004-05-11,0.0042,0.0048,1939.74,1936.64,1935.47
2004-05-12,0.0043,0.0049,1940.38,1937.29,1936.11
2004-05-13,0.0043,0.0049,1941.54,1938.45,1937.27
2004-05-14,0.0043,0.0049,1942.7,1939.61,1938.43
2004-05-17,0.0042,0.0048,1944.38,1941.29,1940.11
2004-05-18,0.0042,0.0048,1945.54,1942.46,1941.28
2004-05-19,0.004,0.0046,1947.73,1944.65,1943.47
2004-05-20,0.0038,0.0044,1949.92,1946.84,1945.66
2004-05-21,0.0036,0.0042,1952.11,1949.03,1947.85
2004-05-24,0.0035,0.0041,1953.79,1950.71,1949.53
2004-05-25,0.0035,0.0041,1954.95,1951.87,1950.69
2004-05-26,0.0035,0.0041,1956.12,1953.04,1951.86
2004-05-27,0.0034,0.004,1957.8,1954.72,1953.54
2004-05-28,0.0033,0.0039,1959.47,1956.4,1955.22
2004-05-31,0.0033,0.0039,1960.64,1957.57,1956.39
2004-06-01,0.0032,0.0038,1962.31,1959.25,1958.07
2004-06-02,0.0032,0.0038,1963.48,1960.42,1959.23
2004-06-03,0.0031,0.0037,1965.16,1962.1,1960.91
2004-06-04,0.003,0.0036,1966.83,1963.77,1962.59
2004-06-07,0.003,0.0036,1968.0,1964.95,1963.76
2004-06-08,0.0029,0.0035,1969.68,1966.63,1965.44
2004-06-09,0.0029,0.0035,1970.85,1967.8,1966.62
2004-06-11,0.0029,0.0035,1972.03,1968.98,1967.79
2004-06-14,0.0029,0.0035,1973.2,1970.15,1968.96
2004-06-15,0.0029,0.0035,1974.37,1971.32,1970.14
2004-06-16,0.0029,0.0035,1975.54,1972.5,1971.31
2004-06-17,0.0029,0.0035,1976.71,1973.68,1972.49
2004-06-18,0.0028,0.0034,1978.39,1975.36,1974.17
2004-06-21,0.0028,0.0034,1979.57,1976.53,1975.34
2004-06-22,0.0028,0.0034,1980.74,1977.71,1976.52
2004-06-23,0.0028,0.0034,1981.92,1978.89,1977.7
2004-06-24,0.0028,0.0034,1983.09,1980.07,1978.88
2004-06-25,0.0028,0.0034,1984.27,1981.25,1980.06
2004-06-28,0.0027,0.0033,1985.95,1982.93,1981.74
2004-06-29,0.0027,0.0033,1987.13,1984.11,1982.92
2004-06-30,0.0026,0.0032,1988.81,1985.8,1984.6
2004-07-01,0.0026,0.0032,1989.99,1986.98,1985.78
2004-07-02,0.0025,0.0031,1991.67,1988.66,1987.47
2004-07-05,0.0024,0.003,1993.35,1990.35,1989.15
2004-07-06,0.0023,0.0029,1995.03,1992.03,1990.83
2004-07-07,0.0023,0.0029,1996.21,1993.21,1992.02
2004-07-08,0.0023,0.0029,1997.39,1994.39,1993.2
2004-07-09,0.0023,0.0029,1998.57,1995.58,1994.38
2004-07-12,0.0023,0.0029,1999.75,1996.76,1995.56
2004-07-13,0.0023,0.0029,2000.94,1997.94,1996.75
2004-07-14,0.0023,0.0029,2002.12,1999.13,1997.93
2004-07-15,0.0023,0.0029,2003.3,2000.31,1999.11
2004-07-16,0.0023,0.0029,2004.48,2001.5,2000.3
2004-07-19,0.0023,0.0029,2005.66,2002.69,2001.48
2004-07-20,0.0024,0.003,2006.35,2003.38,2002.17
2004-07-21,0.0024,0.003,2007.54,2004.56,2003.36
2004-07-22,0.0024,0.003,2008.72,2005.75,2004.55
2004-07-23,0.0025,0.0031,2009.41,2006.45,2005.24
2004-07-26,0.0025,0.0031,2010.6,2007.64,2006.43
2004-07-27,0.0026,0.0032,2011.29,2008.33,2007.12
2004-07-28,0.0026,0.0032,2012.48,2009.52,2008.32
2004-07-29,0.0027,0.0033,2013.18,2010.23,2009.02
2004-07-30,0.0027,0.0033,2014.37,2011.42,2010.21
2004-08-02,0.0027,0.0033,2015.57,2012.62,2011.41
2004-08-03,0.0027,0.0033,2016.76,2013.82,2012.61
2004-08-04,0.0027,0.0033,2017.96,2015.02,2013.81
2004-08-05,0.0027,0.0033,2019.16,2016.22,2015.01
2004-08-06,0.0028,0.0034,2019.87,2016.94,2015.72
2004-08-09,0.0028,0.0034,2021.07,2018.14,2016.93
2004-08-10,0.0029,0.0035,2021.79,2018.86,2017.65
2004-08-11,0.0028,0.0034,2023.48,2020.56,2019.34
2004-08-12,0.0029,0.0035,2024.2,2021.28,2020.06
2004-08-13,0.0029,0.0035,2025.41,2022.49,2021.27
2004-08-16,0.0028,0.0034,2027.1,2024.19,2022.97
2004-08-17,0.0028,0.0034,2028.31,2025.4,2024.18
2004-08-18,0.0028,0.0034,2029.52,2026.61,2025.39
2004-08-19,0.0028,0.0034,2030.73,2027.82,2026.6
2004-08-20,0.0028,0.0034,2031.94,2029.04,2027.81
2004-08-23,0.0028,0.0034,2033.15,2030.25,2029.03
2004-08-24,0.0028,0.0034,2034.35,2031.46,2030.24
2004-08-25,0.0028,0.0034,2035.56,2032.67,2031.45
2004-08-26,0.0028,0.0034,2036.77,2033.89,2032.66
2004-08-27,0.0028,0.0034,2037.99,2035.1,2033.88
2004-08-30,0.0028,0.0034,2039.2,2036.32,2035.09
2004-08-31,0.0028,0.0034,2040.42,2037.54,2036.31
2004-09-01,0.0028,0.0034,2041.64,2038.76,2037.53
2004-09-02,0.0028,0.0034,2042.86,2039.99,2038.76
2004-09-03,0.0028,0.0034,2044.08,2041.21,2039.98
2004-09-06,0.0028,0.0034,2045.3,2042.43,2041.2
2004-09-08,0.0028,0.0034,2046.52,2043.66,2042.43
2004-09-09,0.0028,0.0034,2047.75,2044.89,2043.65
2004-09-10,0.0028,0.0034,2048.97,2046.11,2044.88
2004-09-13,0.0028,0.0034,2050.2,2047.34,2046.11
2004-09-14,0.0028,0.0034,2051.42,2048.57,2047.34
2004-09-15,0.0028,0.0034,2052.65,2049.8,2048.57
2004-09-16,0.0029,0.0035,2053.43,2050.58,2049.33
2004-09-17,0.0029,0.0035,2054.67,2051.83,2050.58
2004-09-20,0.0029,0.0035,2055.93,2053.09,2051.83
2004-09-21,0.0029,0.0035,2057.18,2054.34,2053.09
2004-09-22,0.003,0.0036,2057.96,2055.13,2053.87
2004-09-23,0.0033,0.0039,2057.8,2054.97,2053.71
2004-09-24,0.0033,0.0039,2059.05,2056.23,2054.97
2004-09-27,0.0034,0.004,2059.84,2057.02,2055.76
2004-09-28,0.0034,0.004,2061.1,2058.28,2057.02
2004-09-29,0.0034,0.004,2062.36,2059.55,2058.28
2004-09-30,0.0033,0.0039,2064.08,2061.28,2060.01
2004-10-01,0.0033,0.0039,2065.34,2062.54,2061.28
2004-10-04,0.0033,0.0039,2066.6,2063.8,2062.54
2004-10-05,0.0032,0.0038,2068.33,2065.53,2064.27
2004-10-06,0.0031,0.0037,2070.06,2067.26,2065.99
2004-10-07,0.003,0.0036,2071.78,2068.99,2067.72
2004-10-08,0.0029,0.0035,2073.51,2070.72,2069.45
2004-10-11,0.0029,0.0035,2074.77,2071.98,2070.72
2004-10-13,0.0029,0.0035,2076.04,2073.25,2071.98
2004-10-14,0.0029,0.0035,2077.3,2074.52,2073.25
2004-10-15,0.0029,0.0035,2078.56,2075.78,2074.52
2004-10-18,0.0029,0.0035,2079.83,2077.05,2075.78
2004-10-19,0.0029,0.0035,2081.1,2078.32,2077.05
2004-10-20,0.0029,0.0035,2082.37,2079.59,2078.32
2004-10-21,0.003,0.0036,2083.21,2080.44,2079.13
2004-10-22,0.003,0.0036,2084.51,2081.75,2080.44
2004-10-25,0.0029,0.0035,2086.28,2083.52,2082.21
2004-10-26,0.003,0.0036,2087.12,2084.37,2083.06
2004-10-27,0.003,0.0036,2088.43,2085.68,2084.36
2004-10-28,0.003,0.0036,2089.74,2086.99,2085.67
2004-10-29,0.003,0.0036,2091.05,2088.3,2086.99
2004-11-01,0.003,0.0036,2092.36,2089.61,2088.3
2004-11-03,0.003,0.0036,2093.67,2090.93,2089.61
2004-11-04,0.003,0.0036,2094.98,2092.24,2090.92
2004-11-05,0.003,0.0036,2096.29,2093.55,2092.24
2004-11-08,0.003,0.0036,2097.6,2094.87,2093.55
2004-11-09,0.003,0.0036,2098.92,2096.19,2094.87
2004-11-10,0.003,0.0036,2100.23,2097.51,2096.18
2004-11-11,0.003,0.0036,2101.54,2098.82,2097.5
2004-11-12,0.003,0.0036,2102.86,2100.14,2098.82
2004-11-16,0.003,0.0036,2104.18,2101.46,2100.14
2004-11-17,0.003,0.0036,2105.5,2102.78,2101.46
2004-11-18,0.003,0.0036,2106.85,2104.14,2102.78
2004-11-19,0.003,0.0036,2108.2,2105.5,2104.14
2004-11-22,0.003,0.0036,2109.56,2106.86,2105.5
2004-11-23,0.003,0.0036,2110.92,2108.22,2106.86
2004-11-24,0.003,0.0036,2112.27,2109.58,2108.22
2004-11-25,0.003,0.0036,2113.63,2110.94,2109.58
2004-11-26,0.003,0.0036,2114.99,2112.3,2110.94
2004-11-29,0.003,0.0036,2116.35,2113.66,2112.3
2004-11-30,0.003,0.0036,2117.71,2115.03,2113.66
2004-12-01,0.003,0.0036,2119.07,2116.39,2115.03
2004-12-02,0.003,0.0036,2120.43,2117.76,2116.39
2004-12-03,0.003,0.0036,2121.8,2119.12,2117.76
2004-12-06,0.003,0.0036,2123.16,2120.49,2119.12
2004-12-07,0.0029,0.0035,2124.97,2122.31,2120.94
2004-12-08,0.0029,0.0035,2126.34,2123.67,2122.3
2004-12-09,0.0029,0.0035,2127.7,2125.04,2123.67
2004-12-10,0.0029,0.0035,2129.07,2126.42,2125.04
2004-12-13,0.0029,0.0035,2130.44,2127.79,2126.41
2004-12-14,0.0029,0.0035,2131.81,2129.16,2127.79
2004-12-15,0.0029,0.0035,2133.18,2130.54,2129.16
2004-12-16,0.0028,0.0034,2135.03,2132.39,2130.98
2004-12-17,0.0028,0.0034,2136.44,2133.8,2132.38
2004-12-20,0.0027,0.0033,2138.29,2135.65,2134.24
2004-12-21,0.0027,0.0033,2139.7,2137.06,2135.65
2004-12-22,0.0026,0.0032,2141.54,2138.91,2137.5
2004-12-23,0.0026,0.0032,2142.98,2140.35,2138.91
2004-12-24,0.0026,0.0032,2144.37,2141.74,2140.32
2004-12-27,0.0026,0.0032,2145.78,2143.16,2141.74
2004-12-28,0.0026,0.0032,2147.19,2144.57,2143.16
2004-12-29,0.0025,0.0031,2149.04,2146.42,2145.01
2004-12-30,0.0024,0.003,2150.91,2148.3,2146.86
2004-12-31,0.0024,0.003,2152.31,2149.7,2148.28
2005-01-03,0.0024,0.003,2153.72,2151.12,2149.7
2005-01-04,0.0022,0.0028,2156.01,2153.41,2151.99
2005-01-05,0.0021,0.0027,2157.86,2155.26,2153.84
2005-01-06,0.002,0.0026,2159.71,2157.11,2155.69
2005-01-07,0.0019,0.0025,2161.56,2158.96,2157.54
2005-01-10,0.0019,0.0025,2162.98,2160.38,2158.96
2005-01-11,0.0018,0.0024,2164.83,2162.24,2160.82
2005-01-12,0.0018,0.0024,2166.25,2163.66,2162.24
2005-01-13,0.0018,0.0024,2167.67,2165.08,2163.66
2005-01-14,0.0018,0.0024,2169.09,2166.51,2165.08
2005-01-17,0.0019,0.0023,2170.08,2168.36,2166.94
2005-01-18,0.0019,0.0023,2171.5,2169.79,2168.36
2005-01-19,0.0019,0.0023,2172.93,2171.21,2169.79
2005-01-20,0.0019,0.0023,2174.39,2172.68,2171.21
2005-01-21,0.0018,0.0022,2176.28,2174.57,2173.11
2005-01-24,0.0018,0.0022,2177.74,2176.04,2174.57
2005-01-25,0.0018,0.0022,2179.21,2177.5,2176.03
2005-01-26,0.0019,0.0023,2180.25,2178.54,2177.08
2005-01-27,0.0018,0.0022,2182.14,2180.44,2178.97
2005-01-28,0.0019,0.0023,2183.18,2181.48,2180.01
2005-01-31,0.0018,0.0022,2185.07,2183.38,2181.91
2005-02-01,0.0018,0.0022,2186.54,2184.85,2183.38
2005-02-02,0.0018,0.0022,2188.01,2186.32,2184.85
2005-02-03,0.0018,0.0022,2189.48,2187.79,2186.32
2005-02-04,0.0018,0.0022,2190.95,2189.27,2187.79
2005-02-09,0.0018,0.0022,2192.43,2190.74,2189.27
2005-02-10,0.0018,0.0022,2193.9,2192.22,2190.74
2005-02-11,0.0018,0.0022,2195.38,2193.7,2192.22
2005-02-14,0.0018,0.0022,2196.86,2195.18,2193.7
2005-02-15,0.0018,0.0022,2198.33,2196.66,2195.18
2005-02-16,0.0018,0.0022,2199.81,2198.14,2196.66
2005-02-17,0.0018,0.0022,2201.33,2199.66,2198.14
2005-02-18,0.0018,0.0022,2202.85,2201.18,2199.66
2005-02-21,0.0017,0.0021,2204.78,2203.12,2201.6
2005-02-22,0.0017,0.0021,2206.3,2204.64,2203.12
2005-02-23,0.0017,0.0021,2207.82,2206.16,2204.64
2005-02-24,0.0017,0.0021,2209.34,2207.68,2206.16
2005-02-25,0.0016,0.002,2211.28,2209.62,2208.1
2005-02-28,0.0016,0.002,2212.8,2211.15,2209.62
2005-03-01,0.0016,0.002,2214.33,2212.67,2211.15
2005-03-02,0.0016,0.002,2215.85,2214.2,2212.67
2005-03-03,0.0016,0.002,2217.37,2215.73,2214.2
2005-03-04,0.0015,0.0019,2219.31,2217.66,2216.14
2005-03-07,0.0015,0.0019,2220.84,2219.19,2217.66
2005-03-08,0.0015,0.0019,2222.37,2220.72,2219.19
2005-03-09,0.0015,0.0019,2223.9,2222.26,2220.72
2005-03-10,0.0014,0.0018,2225.83,2224.2,2222.67
2005-03-11,0.0014,0.0018,2227.36,2225.73,2224.2
2005-03-14,0.0014,0.0018,2228.9,2227.27,2225.73
2005-03-15,0.0014,0.0018,2230.43,2228.8,2227.27
2005-03-16,0.0014,0.0018,2231.96,2230.34,2228.8
2005-03-17,0.0013,0.0017,2233.94,2232.32,2230.74
2005-03-18,0.0013,0.0017,2235.51,2233.89,2232.32
2005-03-21,0.0013,0.0017,2237.09,2235.47,2233.89
2005-03-22,0.0013,0.0017,2238.66,2237.05,2235.47
2005-03-23,0.0013,0.0017,2240.24,2238.62,2237.04
2005-03-24,0.0012,0.0016,2242.22,2240.6,2239.02
2005-03-28,0.0012,0.0016,2243.79,2242.18,2240.6
2005-03-29,0.0012,0.0016,2245.37,2243.76,2242.18
2005-03-30,0.0012,0.0016,2246.95,2245.35,2243.76
2005-03-31,0.0012,0.0016,2248.53,2246.93,2245.35
2005-04-01,0.0012,0.0016,2250.12,2248.51,2246.93
2005-04-04,0.0012,0.0016,2251.7,2250.1,2248.51
2005-04-05,0.0012,0.0016,2253.28,2251.69,2250.1
2005-04-06,0.0012,0.0016,2254.87,2253.27,2251.69
2005-04-07,0.0012,0.0016,2256.45,2254.86,2253.27
2005-04-08,0.0012,0.0016,2258.04,2256.45,2254.86
2005-04-11,0.0011,0.0015,2260.03,2258.44,2256.85
2005-04-12,0.0011,0.0015,2261.61,2260.03,2258.44
2005-04-13,0.0011,0.0015,2263.2,2261.62,2260.03
2005-04-14,0.0011,0.0015,2264.79,2263.21,2261.62
2005-04-15,0.0011,0.0015,2266.39,2264.81,2263.21
2005-04-18,0.0011,0.0015,2267.98,2266.4,2264.81
2005-04-19,0.0011,0.0015,2269.57,2268.0,2266.4
2005-04-20,0.0011,0.0015,2271.17,2269.6,2268.0
2005-04-22,0.0011,0.0015,2272.78,2271.22,2269.6
2005-04-25,0.0011,0.0015,2274.4,2272.83,2271.21
2005-04-26,0.0011,0.0015,2276.02,2274.45,2272.83
2005-04-27,0.0011,0.0015,2277.64,2276.08,2274.45
2005-04-28,0.0011,0.0015,2279.26,2277.7,2276.08
2005-04-29,0.0011,0.0015,2280.88,2279.32,2277.7
2005-05-02,0.0011,0.0015,2282.5,2280.95,2279.32
2005-05-03,0.0013,0.0015,2283.35,2282.58,2280.95
2005-05-04,0.0013,0.0015,2284.98,2284.2,2282.58
2005-05-05,0.0013,0.0015,2286.61,2285.83,2284.21
2005-05-06,0.0013,0.0015,2288.24,2287.47,2285.84
2005-05-09,0.0013,0.0015,2289.87,2289.1,2287.47
2005-05-10,0.0013,0.0015,2291.5,2290.73,2289.1
2005-05-11,0.0013,0.0015,2293.13,2292.37,2290.73
2005-05-12,0.0012,0.0014,2295.15,2294.39,2292.75
2005-05-13,0.0012,0.0014,2296.79,2296.02,2294.39
2005-05-16,0.0012,0.0014,2298.42,2297.66,2296.02
2005-05-17,0.0012,0.0014,2300.06,2299.3,2297.66
2005-05-18,0.0012,0.0014,2301.7,2300.94,2299.3
2005-05-19,0.0012,0.0014,2303.36,2302.6,2300.94
2005-05-20,0.0012,0.0014,2305.02,2304.26,2302.6
2005-05-23,0.0012,0.0014,2306.68,2305.92,2304.26
2005-05-24,0.0012,0.0014,2308.34,2307.58,2305.92
2005-05-25,0.0012,0.0014,2310.0,2309.25,2307.58
2005-05-27,0.0012,0.0014,2311.67,2310.91,2309.25
2005-05-30,0.0012,0.0014,2313.33,2312.58,2310.91
2005-05-31,0.0012,0.0014,2315.0,2314.25,2312.58
2005-06-01,0.0012,0.0014,2316.67,2315.92,2314.25
2005-06-02,0.0012,0.0014,2318.33,2317.59,2315.9
2005-06-03,0.0012,0.0014,2320.0,2319.26,2317.59
2005-06-06,0.0012,0.0014,2321.68,2320.93,2319.26
2005-06-07,0.0012,0.0014,2323.35,2322.6,2320.93
2005-06-08,0.0012,0.0014,2325.02,2324.28,2322.6
2005-06-09,0.0012,0.0014,2326.7,2325.95,2324.28
2005-06-10,0.0012,0.0014,2328.37,2327.63,2325.95
2005-06-13,0.0012,0.0014,2330.05,2329.31,2327.63
2005-06-14,0.0012,0.0014,2331.73,2330.99,2329.31
2005-06-15,0.0011,0.0013,2333.78,2333.04,2331.36
2005-06-16,0.0011,0.0013,2335.45,2334.72,2333.04
2005-06-17,0.0011,0.0013,2337.13,2336.4,2334.72
2005-06-20,0.0011,0.0013,2338.82,2338.08,2336.4
2005-06-21,0.0011,0.0013,2340.5,2339.77,2338.08
2005-06-22,0.0011,0.0013,2342.18,2341.45,2339.77
2005-06-23,0.0011,0.0013,2343.87,2343.14,2341.45
2005-06-24,0.0011,0.0013,2345.55,2344.83,2343.14
2005-06-27,0.0011,0.0013,2347.24,2346.52,2344.83
2005-06-28,0.0011,0.0013,2348.93,2348.21,2346.52
2005-06-29,0.0011,0.0013,2350.62,2349.9,2348.21
2005-06-30,0.0011,0.0013,2352.31,2351.59,2349.9
2005-07-01,0.0011,0.0013,2354.0,2353.28,2351.59
2005-07-04,0.0011,0.0013,2355.7,2354.98,2353.28
2005-07-05,0.0011,0.0013,2357.39,2356.67,2354.98
2005-07-06,0.0011,0.0013,2359.09,2358.37,2356.67
2005-07-07,0.0011,0.0013,2360.78,2360.07,2358.37
2005-07-08,0.0011,0.0013,2362.48,2361.77,2360.06
2005-07-11,0.0011,0.0013,2364.18,2363.46,2361.76
2005-07-12,0.0011,0.0013,2365.88,2365.17,2363.46
2005-07-13,0.0011,0.0013,2367.58,2366.87,2365.16
2005-07-14,0.0011,0.0013,2369.28,2368.57,2366.87
2005-07-15,0.0011,0.0013,2370.98,2370.28,2368.57
2005-07-18,0.0011,0.0013,2372.69,2371.98,2370.27
2005-07-19,0.0011,0.0013,2374.39,2373.69,2371.98
2005-07-20,0.0011,0.0013,2376.1,2375.4,2373.69
2005-07-21,0.0011,0.0013,2377.81,2377.11,2375.39
2005-07-22,0.0011,0.0013,2379.52,2378.82,2377.11
2005-07-25,0.0011,0.0013,2381.23,2380.53,2378.82
2005-07-26,0.0011,0.0013,2382.94,2382.24,2380.53
2005-07-27,0.0011,0.0013,2384.65,2383.96,2382.24
2005-07-28,0.0011,0.0013,2386.37,2385.67,2383.95
2005-07-29,0.0011,0.0013,2388.08,2387.39,2385.67
2005-08-01,0.0011,0.0013,2389.8,2389.11,2387.39
2005-08-02,0.0011,0.0013,2391.52,2390.83,2389.11
2005-08-03,0.0011,0.0013,2393.24,2392.55,2390.83
2005-08-04,0.0011,0.0013,2394.96,2394.28,2392.55
2005-08-05,0.0011,0.0013,2396.69,2396.0,2394.28
2005-08-08,0.0011,0.0013,2398.42,2397.73,2396.0
2005-08-09,0.0012,0.0014,2399.8,2399.12,2397.39
2005-08-10,0.0012,0.0014,2401.53,2400.85,2399.12
2005-08-11,0.0012,0.0014,2403.26,2402.58,2400.85
2005-08-12,0.0012,0.0014,2404.99,2404.31,2402.58
2005-08-15,0.0012,0.0014,2406.73,2406.05,2404.32
2005-08-16,0.0012,0.0014,2408.46,2407.78,2406.05
2005-08-17,0.0012,0.0014,2410.2,2409.52,2407.79
2005-08-18,0.0012,0.0014,2411.93,2411.26,2409.52
2005-08-19,0.0012,0.0014,2413.67,2413.0,2411.26
2005-08-22,0.0012,0.0014,2415.41,2414.74,2413.0
2005-08-23,0.0012,0.0014,2417.15,2416.48,2414.74
2005-08-24,0.0012,0.0014,2418.89,2418.22,2416.48
2005-08-25,0.0012,0.0014,2420.63,2419.96,2418.22
2005-08-26,0.0012,0.0014,2422.37,2421.7,2419.96
2005-08-29,0.0012,0.0014,2424.11,2423.45,2421.7
2005-08-30,0.0012,0.0014,2425.86,2425.2,2423.45
2005-08-31,0.0012,0.0014,2427.6,2426.94,2425.2
2005-09-01,0.0012,0.0014,2429.35,2428.69,2426.94
2005-09-02,0.0012,0.0014,2431.1,2430.44,2428.69
2005-09-05,0.0012,0.0014,2432.85,2432.19,2430.44
2005-09-06,0.0012,0.0014,2434.6,2433.94,2432.19
2005-09-08,0.0012,0.0014,2436.35,2435.7,2433.94
2005-09-09,0.0012,0.0014,2438.11,2437.45,2435.7
2005-09-12,0.0012,0.0014,2439.86,2439.21,2437.45
2005-09-13,0.0012,0.0014,2441.62,2440.97,2439.21
2005-09-14,0.0011,0.0013,2443.7,2443.05,2441.29
2005-09-15,0.0011,0.0013,2445.44,2444.79,2443.05
2005-09-16,0.0011,0.0013,2447.18,2446.53,2444.79
2005-09-19,0.0011,0.0013,2448.92,2448.28,2446.53
2005-09-20,0.0011,0.0013,2450.66,2450.02,2448.28
2005-09-21,0.0011,0.0013,2452.4,2451.77,2450.02
2005-09-22,0.001,0.0012,2454.47,2453.83,2452.09
2005-09-23,0.001,0.0012,2456.21,2455.58,2453.83
2005-09-26,0.001,0.0012,2457.96,2457.33,2455.58
2005-09-27,0.001,0.0012,2459.71,2459.08,2457.33
2005-09-28,0.001,0.0012,2461.46,2460.83,2459.08
2005-09-29,0.001,0.0012,2463.21,2462.58,2460.83
2005-09-30,0.0009,0.0011,2465.28,2464.65,2462.9
2005-10-03,0.0009,0.0011,2467.03,2466.41,2464.65
2005-10-04,0.0009,0.0011,2468.79,2468.16,2466.4
2005-10-05,0.0009,0.0011,2470.54,2469.91,2468.16
2005-10-06,0.0009,0.0011,2472.29,2471.67,2469.91
2005-10-07,0.0009,0.0011,2474.04,2473.42,2471.66
2005-10-10,0.0009,0.0011,2475.8,2475.18,2473.42
2005-10-11,0.0009,0.0011,2477.55,2476.93,2475.17
2005-10-13,0.0009,0.0011,2479.31,2478.69,2476.93
2005-10-14,0.0009,0.0011,2481.07,2480.45,2478.69
2005-10-17,0.0009,0.0011,2482.83,2482.21,2480.45
2005-10-18,0.0009,0.0011,2484.59,2483.98,2482.21
2005-10-19,0.0009,0.0011,2486.35,2485.74,2483.97
2005-10-20,0.0008,0.001,2488.37,2487.77,2486.04
2005-10-21,0.0008,0.001,2490.1,2489.49,2487.76
2005-10-24,0.0008,0.001,2491.82,2491.22,2489.49
2005-10-25,0.0008,0.001,2493.55,2492.94,2491.21
2005-10-26,0.0008,0.001,2495.27,2494.67,2492.94
2005-10-27,0.0008,0.001,2497.0,2496.39,2494.66
2005-10-28,0.0008,0.001,2498.72,2498.12,2496.39
2005-10-31,0.0008,0.001,2500.46,2499.86,2498.12
2005-11-01,0.0008,0.001,2502.19,2501.59,2499.85
2005-11-03,0.0008,0.001,2503.92,2503.32,2501.58
2005-11-04,0.0008,0.001,2505.65,2505.06,2503.32
2005-11-07,0.0008,0.001,2507.38,2506.79,2505.05
2005-11-08,0.0007,0.0009,2509.42,2508.83,2507.09
2005-11-09,0.0007,0.0009,2511.16,2510.57,2508.83
2005-11-10,0.0007,0.0009,2512.9,2512.31,2510.57
2005-11-11,0.0006,0.0008,2514.94,2514.35,2512.61
2005-11-14,0.0006,0.0008,2516.68,2516.1,2514.35
2005-11-16,0.0006,0.0008,2518.43,2517.84,2516.1
2005-11-17,0.0006,0.0008,2520.17,2519.59,2517.84
2005-11-18,0.0006,0.0008,2521.92,2521.34,2519.59
2005-11-21,0.0005,0.0007,2523.96,2523.38,2521.63
2005-11-22,0.0005,0.0007,2525.7,2525.13,2523.38
2005-11-23,0.0005,0.0007,2527.45,2526.88,2525.12
2005-11-24,0.0005,0.0007,2529.15,2528.58,2526.87
2005-11-25,0.0005,0.0007,2530.86,2530.29,2528.58
2005-11-28,0.0004,0.0006,2532.85,2532.28,2530.57
2005-11-29,0.0004,0.0006,2534.56,2533.99,2532.28
2005-11-30,0.0004,0.0006,2536.28,2535.71,2533.99
2005-12-01,0.0003,0.0005,2538.27,2537.71,2535.99
2005-12-02,0.0003,0.0005,2539.99,2539.42,2537.71
2005-12-05,0.0002,0.0004,2541.98,2541.42,2539.71
2005-12-06,0.0002,0.0004,2543.7,2543.14,2541.42
2005-12-07,0.0001,0.0003,2545.69,2545.13,2543.42
2005-12-08,0.0001,0.0003,2547.41,2546.85,2545.13
2005-12-09,0.0001,0.0003,2549.12,2548.57,2546.85
2005-12-12,0.0001,0.0003,2550.84,2550.29,2548.57
2005-12-13,0.0001,0.0003,2552.56,2552.01,2550.28
2005-12-14,0.0001,0.0003,2554.28,2553.73,2552.01
2005-12-15,0.0001,0.0003,2555.96,2555.41,2553.73
2005-12-16,0.0001,0.0003,2557.63,2557.09,2555.41
2005-12-19,0.0001,0.0003,2559.32,2558.77,2557.09
2005-12-20,0.0001,0.0003,2561.01,2560.46,2558.78
2005-12-21,0.0001,0.0003,2562.69,2562.15,2560.47
2005-12-22,0.0,0.0002,2564.65,2564.11,2562.43
2005-12-23,0.0,0.0002,2566.34,2565.8,2564.11
2005-12-26,0.0,0.0002,2568.03,2567.49,2565.8
2005-12-27,0.0,0.0002,2569.72,2569.18,2567.5
2005-12-28,0.0,0.0002,2571.41,2570.88,2569.19
2005-12-29,0.0,0.0002,2573.11,2572.57,2570.88
2005-12-30,0.0,0.0002,2573.11,2572.57,2570.88
2006-01-02,0.0,0.0002,2576.5,2575.97,2574.27
2006-01-03,0.0,0.0002,2578.19,2577.66,2575.96
2006-01-04,0.0,0.0002,2579.88,2579.35,2577.66
2006-01-05,0.0,0.0002,2581.57,2581.05,2579.35
2006-01-06,0.0,0.0002,2583.27,2582.74,2581.04
2006-01-09,0.0,0.0002,2584.96,2584.44,2582.74
2006-01-10,0.0,0.0002,2586.65,2586.13,2584.43
2006-01-11,0.0,0.0002,2588.35,2587.83,2586.13
2006-01-12,0.0,0.0002,2590.04,2589.53,2587.83
2006-01-13,0.0,0.0002,2591.74,2591.23,2589.52
2006-01-16,0.0,0.0002,2593.44,2592.93,2591.22
2006-01-17,0.0,0.0001,2595.14,2594.88,2593.18
2006-01-18,0.0,0.0001,2596.84,2596.58,2594.88
2006-01-19,0.0,0.0001,2598.48,2598.22,2596.58
2006-01-20,0.0,0.0001,2600.11,2599.86,2598.22
2006-01-23,0.0,0.0001,2601.75,2601.5,2599.85
2006-01-24,0.0,0.0001,2603.39,2603.14,2601.49
2006-01-25,0.0,0.0001,2605.03,2604.78,2603.13
2006-01-26,0.0,0.0001,2606.67,2606.42,2604.77
2006-01-27,0.0,0.0001,2608.32,2608.07,2606.42
2006-01-30,0.0,0.0001,2609.96,2609.71,2608.06
2006-01-31,0.0,0.0001,2611.61,2611.36,2609.71
2006-02-01,0.0,0.0001,2613.26,2613.01,2611.36
2006-02-02,0.0,0.0001,2614.91,2614.66,2613.01
2006-02-03,0.0,0.0001,2616.56,2616.31,2614.66
2006-02-06,0.0,0.0001,2618.21,2617.97,2616.31
2006-02-07,0.0,0.0001,2619.87,2619.62,2617.97
2006-02-08,-0.0001,0.0,2621.77,2621.52,2619.87
2006-02-09,-0.0001,0.0,2623.42,2623.18,2621.53
2006-02-10,-0.0001,0.0,2625.08,2624.84,2623.19
2006-02-13,-0.0001,0.0,2626.74,2626.51,2624.85
2006-02-14,-0.0001,0.0,2628.41,2628.17,2626.51
2006-02-15,-0.0001,0.0,2630.07,2629.83,2628.17
2006-02-16,-0.0001,0.0,2631.73,2631.5,2629.84
2006-02-17,-0.0001,0.0,2633.4,2633.16,2631.5
2006-02-20,-0.0001,0.0,2635.06,2634.83,2633.17
2006-02-21,-0.0001,0.0,2636.73,2636.5,2634.83
2006-02-22,-0.0001,0.0,2638.4,2638.17,2636.5
2006-02-23,-0.0002,0.0,2640.3,2639.84,2638.17
2006-02-24,-0.0002,0.0,2641.97,2641.51,2639.84
2006-03-01,-0.0002,0.0,2643.64,2643.18,2641.51
2006-03-02,-0.0002,0.0,2645.31,2644.85,2643.18
2006-03-03,-0.0002,0.0,2646.98,2646.53,2644.86
2006-03-06,-0.0002,0.0,2648.66,2648.2,2646.53
2006-03-07,-0.0002,0.0,2650.33,2649.88,2648.21
2006-03-08,-0.0002,0.0,2652.01,2651.56,2649.88
2006-03-09,-0.0002,0.0,2653.62,2653.17,2651.56
2006-03-10,-0.0002,0.0,2655.23,2654.78,2653.17
2006-03-13,-0.0002,0.0,2656.84,2656.39,2654.78
2006-03-14,-0.0002,0.0,2658.45,2658.01,2656.4
2006-03-15,-0.0002,0.0,2660.06,2659.62,2658.01
2006-03-16,-0.0002,0.0,2661.68,2661.24,2659.63
2006-03-17,-0.0002,0.0,2663.29,2662.86,2661.24
2006-03-20,-0.0002,0.0,2664.91,2664.47,2662.86
2006-03-21,-0.0002,0.0,2666.52,2666.09,2664.48
2006-03-22,-0.0002,0.0,2668.14,2667.71,2666.1
2006-03-23,-0.0002,0.0,2669.76,2669.33,2667.72
2006-03-24,-0.0002,0.0,2671.38,2670.96,2669.34
2006-03-27,-0.0002,0.0,2673.0,2672.58,2670.96
2006-03-28,-0.0002,0.0,2674.62,2674.2,2672.58
2006-03-29,-0.0002,0.0,2676.25,2675.83,2674.21
2006-03-30,-0.0002,0.0,2677.87,2677.45,2675.83
2006-03-31,-0.0002,0.0,2679.5,2679.08,2677.46
2006-04-03,-0.0002,0.0,2681.12,2680.71,2679.08
2006-04-04,-0.0002,0.0,2682.74,2682.33,2680.7
2006-04-05,-0.0002,0.0,2684.36,2683.95,2682.32
2006-04-06,-0.0002,0.0,2685.98,2685.57,2683.94
2006-04-07,-0.0002,0.0,2687.6,2687.2,2685.57
2006-04-10,-0.0002,0.0,2689.23,2688.82,2687.19
2006-04-11,-0.0002,0.0,2690.85,2690.45,2688.82
2006-04-12,-0.0002,0.0,2692.48,2692.07,2690.44
2006-04-13,-0.0002,0.0,2694.1,2693.7,2692.07
2006-04-17,-0.0002,0.0,2695.73,2695.33,2693.69
2006-04-18,-0.0002,0.0,2697.35,2696.96,2695.32
2006-04-19,-0.0002,0.0,2698.98,2698.59,2696.95
2006-04-20,-0.0002,0.0,2700.54,2700.15,2698.58
2006-04-24,-0.0002,0.0,2702.1,2701.71,2700.14
2006-04-25,-0.0002,0.0,2703.66,2703.27,2701.7
2006-04-26,-0.0002,0.0,2705.22,2704.84,2703.27
2006-04-27,-0.0002,0.0,2706.78,2706.4,2704.83
2006-04-28,-0.0002,0.0,2708.35,2707.96,2706.39
2006-05-02,-0.0002,0.0,2709.91,2709.53,2707.96
2006-05-03,-0.0002,0.0,2711.48,2711.1,2709.53
2006-05-04,-0.0002,0.0,2713.05,2712.67,2711.1
2006-05-05,-0.0002,0.0,2714.62,2714.24,2712.67
2006-05-08,-0.0002,0.0,2716.19,2715.82,2714.24
2006-05-09,-0.0002,0.0,2717.77,2717.4,2715.82
2006-05-10,-0.0002,0.0,2719.35,2718.98,2717.4
2006-05-11,-0.0002,0.0,2720.92,2720.55,2718.97
2006-05-12,-0.0002,0.0,2722.49,2722.13,2720.55
2006-05-15,-0.0002,0.0,2724.07,2723.71,2722.13
2006-05-16,-0.0002,0.0,2725.65,2725.29,2723.71
2006-05-17,-0.0002,0.0,2727.23,2726.87,2725.29
2006-05-18,-0.0002,0.0,2728.81,2728.45,2726.87
2006-05-19,-0.0002,0.0,2730.38,2730.03,2728.44
2006-05-22,-0.0002,0.0,2731.96,2731.6,2730.02
2006-05-23,-0.0002,0.0,2733.53,2733.18,2731.59
2006-05-24,-0.0002,0.0,2735.11,2734.76,2733.17
2006-05-25,-0.0002,0.0,2736.69,2736.34,2734.75
2006-05-26,-0.0002,0.0,2738.27,2737.92,2736.33
2006-05-29,-0.0002,0.0,2739.85,2739.5,2737.91
2006-05-30,-0.0002,0.0,2741.43,2741.08,2739.49
2006-05-31,-0.0002,0.0,2743.01,2742.67,2741.08
2006-06-01,-0.0002,0.0,2744.54,2744.2,2742.66
2006-06-02,-0.0002,0.0,2746.08,2745.74,2744.2
2006-06-05,-0.0002,0.0,2747.62,2747.28,2745.73
2006-06-06,-0.0002,0.0,2749.15,2748.82,2747.27
2006-06-07,-0.0002,0.0,2750.69,2750.36,2748.81
2006-06-08,-0.0002,0.0,2752.23,2751.9,2750.35
2006-06-09,-0.0002,0.0,2753.77,2753.45,2751.9
2006-06-12,-0.0002,0.0,2755.32,2754.99,2753.44
2006-06-13,-0.0002,0.0,2756.86,2756.54,2754.98
2006-06-14,-0.0002,0.0,2758.4,2758.08,2756.53
2006-06-16,-0.0002,0.0,2759.95,2759.63,2758.08
2006-06-19,-0.0002,0.0,2761.5,2761.18,2759.62
2006-06-20,-0.0002,0.0,2763.04,2762.73,2761.17
2006-06-21,-0.0002,0.0,2764.59,2764.28,2762.72
2006-06-22,-0.0002,0.0,2766.14,2765.83,2764.27
2006-06-23,-0.0002,0.0,2767.69,2767.38,2765.82
2006-06-26,-0.0002,0.0,2769.24,2768.93,2767.37
2006-06-27,-0.0002,0.0,2770.79,2770.48,2768.92
2006-06-28,-0.0002,0.0,2772.34,2772.04,2770.48
2006-06-29,-0.0002,0.0,2773.89,2773.59,2772.03
2006-06-30,-0.0002,0.0,2775.45,2775.15,2773.59
2006-07-03,-0.0002,0.0,2777.0,2776.71,2775.14
2006-07-04,-0.0002,0.0,2778.56,2778.26,2776.7
2006-07-05,-0.0002,0.0,2780.11,2779.82,2778.26
2006-07-06,-0.0002,0.0,2781.67,2781.38,2779.82
2006-07-07,-0.0002,0.0,2783.23,2782.94,2781.37
2006-07-10,-0.0002,0.0,2784.79,2784.5,2782.93
2006-07-11,-0.0002,0.0,2786.35,2786.06,2784.5
2006-07-12,-0.0002,0.0,2787.91,2787.63,2786.06
2006-07-13,-0.0002,0.0,2789.47,2789.19,2787.62
2006-07-14,-0.0002,0.0,2791.04,2790.76,2789.18
2006-07-17,-0.0002,0.0,2792.6,2792.32,2790.75
2006-07-18,-0.0002,0.0,2794.16,2793.89,2792.31
2006-07-19,-0.0002,0.0,2795.73,2795.45,2793.88
2006-07-20,-0.0002,0.0,2797.24,2796.97,2795.45
2006-07-21,-0.0002,0.0,2798.76,2798.49,2796.96
2006-07-24,-0.0002,0.0,2800.28,2800.01,2798.48
2006-07-25,-0.0002,0.0,2801.79,2801.53,2800.0
2006-07-26,-0.0002,0.0,2803.31,2803.05,2801.52
2006-07-27,-0.0002,0.0,2804.83,2804.57,2803.04
2006-07-28,-0.0002,0.0,2806.36,2806.1,2804.57
2006-07-31,-0.0002,0.0,2807.88,2807.62,2806.09
2006-08-01,-0.0002,0.0,2809.4,2809.14,2807.61
2006-08-02,-0.0002,0.0,2810.92,2810.67,2809.14
2006-08-03,-0.0002,0.0,2812.44,2812.2,2810.66
2006-08-04,-0.0002,0.0,2813.97,2813.72,2812.19
2006-08-07,-0.0002,0.0,2815.5,2815.25,2813.72
2006-08-08,-0.0002,0.0,2817.02,2816.78,2815.24
2006-08-09,-0.0002,0.0,2818.55,2818.31,2816.77
2006-08-10,-0.0002,0.0,2820.08,2819.84,2818.3
2006-08-11,-0.0002,0.0,2821.61,2821.37,2819.83
2006-08-14,-0.0002,0.0,2823.14,2822.91,2821.36
2006-08-15,-0.0002,0.0,2824.67,2824.44,2822.9
2006-08-16,-0.0002,0.0,2826.21,2825.98,2824.44
2006-08-17,-0.0002,0.0,2827.74,2827.52,2825.97
2006-08-18,-0.0002,0.0,2829.28,2829.05,2827.51
2006-08-21,-0.0002,0.0,2830.82,2830.6,2829.05
2006-08-22,-0.0002,0.0,2832.36,2832.14,2830.59
2006-08-23,-0.0002,0.0,2833.9,2833.68,2832.13
2006-08-24,-0.0002,0.0,2835.44,2835.22,2833.67
2006-08-25,-0.0002,0.0,2836.98,2836.76,2835.21
2006-08-28,-0.0002,0.0,2838.52,2838.31,2836.76
2006-08-29,-0.0002,0.0,2840.06,2839.85,2838.3
2006-08-30,-0.0002,0.0,2841.6,2841.39,2839.84
2006-08-31,-0.0002,0.0,2843.1,2842.89,2841.39
2006-09-01,-0.0002,0.0,2844.59,2844.39,2842.88
2006-09-04,-0.0002,0.0,2846.08,2845.88,2844.38
2006-09-05,-0.0002,0.0,2847.58,2847.38,2845.87
2006-09-06,-0.0002,0.0,2849.07,2848.88,2847.37
2006-09-08,-0.0002,0.0,2850.57,2850.38,2848.87
2006-09-11,-0.0002,0.0,2852.07,2851.88,2850.37
2006-09-12,-0.0002,0.0,2853.57,2853.38,2851.87
2006-09-13,-0.0002,0.0,2855.06,2854.88,2853.37
2006-09-14,-0.0002,0.0,2856.56,2856.38,2854.87
2006-09-15,-0.0002,0.0,2858.07,2857.88,2856.37
2006-09-18,-0.0002,0.0,2859.57,2859.38,2857.87
2006-09-19,-0.0002,0.0,2861.07,2860.89,2859.37
2006-09-20,-0.0002,0.0,2862.57,2862.39,2860.88
2006-09-21,-0.0002,0.0,2864.07,2863.9,2862.38
2006-09-22,-0.0002,0.0,2865.58,2865.4,2863.89
2006-09-25,-0.0002,0.0,2867.08,2866.91,2865.4
2006-09-26,-0.0002,0.0,2868.59,2868.42,2866.9
2006-09-27,-0.0002,0.0,2870.1,2869.93,2868.41
2006-09-28,-0.0002,0.0,2871.6,2871.44,2869.92
2006-09-29,-0.0002,0.0,2873.11,2872.95,2871.43
2006-10-02,-0.0002,0.0,2874.62,2874.46,2872.94
2006-10-03,-0.0002,0.0,2876.13,2875.97,2874.45
2006-10-04,-0.0002,0.0,2877.64,2877.48,2875.96
2006-10-05,-0.0002,0.0,2879.15,2879.0,2877.47
2006-10-06,-0.0002,0.0,2880.66,2880.51,2878.99
2006-10-09,-0.0002,0.0,2882.17,2882.02,2880.5
2006-10-10,-0.0002,0.0,2883.69,2883.54,2882.01
2006-10-11,-0.0002,0.0,2885.2,2885.05,2883.53
2006-10-13,-0.0002,0.0,2886.72,2886.57,2885.05
2006-10-16,-0.0002,0.0,2888.23,2888.09,2886.56
2006-10-17,-0.0002,0.0,2889.75,2889.61,2888.08
2006-10-18,-0.0002,0.0,2891.26,2891.13,2889.6
2006-10-19,-0.0002,0.0,2892.73,2892.59,2891.12
2006-10-20,-0.0002,0.0,2894.2,2894.07,2892.59
2006-10-23,-0.0002,0.0,2895.67,2895.54,2894.06
2006-10-24,-0.0002,0.0,2897.13,2897.01,2895.53
2006-10-25,-0.0002,0.0,2898.61,2898.48,2897.0
2006-10-26,-0.0002,0.0,2900.08,2899.96,2898.47
2006-10-27,-0.0002,0.0,2901.55,2901.43,2899.95
2006-10-30,-0.0002,0.0,2903.03,2902.91,2901.42
2006-10-31,-0.0002,0.0,2904.5,2904.38,2902.9
2006-11-01,-0.0002,0.0,2905.98,2905.86,2904.38
2006-11-03,-0.0002,0.0,2907.45,2907.34,2905.86
2006-11-06,-0.0002,0.0,2908.93,2908.82,2907.33
2006-11-07,-0.0002,0.0,2910.41,2910.3,2908.81
2006-11-08,-0.0002,0.0,2911.89,2911.78,2910.3
2006-11-09,-0.0002,0.0,2913.37,2913.27,2911.78
2006-11-10,-0.0002,0.0,2914.85,2914.75,2913.26
2006-11-13,-0.0002,0.0,2916.33,2916.23,2914.74
2006-11-14,-0.0002,0.0,2917.81,2917.72,2916.22
2006-11-16,-0.0002,0.0,2919.29,2919.2,2917.71
2006-11-17,-0.0002,0.0,2920.77,2920.68,2919.19
2006-11-20,-0.0002,0.0,2922.25,2922.17,2920.67
2006-11-21,-0.0002,0.0,2923.74,2923.65,2922.16
2006-11-22,-0.0002,0.0,2925.23,2925.14,2923.65
2006-11-23,-0.0002,0.0,2926.71,2926.63,2925.13
2006-11-24,-0.0002,0.0,2928.2,2928.12,2926.62
2006-11-27,-0.0002,0.0,2929.68,2929.61,2928.11
2006-11-28,-0.0002,0.0,2931.17,2931.09,2929.6
2006-11-29,-0.0002,0.0,2932.66,2932.59,2931.09
2006-11-30,-0.0002,0.0,2934.1,2934.03,2932.58
2006-12-01,-0.0002,0.0,2935.54,2935.47,2934.02
2006-12-04,-0.0002,0.0,2936.98,2936.91,2935.46
2006-12-05,-0.0002,0.0,2938.42,2938.35,2936.9
2006-12-06,-0.0002,0.0,2939.86,2939.8,2938.35
2006-12-07,-0.0002,0.0,2941.3,2941.24,2939.79
2006-12-08,-0.0002,0.0,2942.75,2942.69,2941.24
2006-12-11,-0.0002,0.0,2944.19,2944.14,2942.68
2006-12-12,-0.0002,0.0,2945.64,2945.58,2944.13
2006-12-13,-0.0002,0.0,2947.08,2947.03,2945.58
2006-12-14,-0.0002,0.0,2948.53,2948.48,2947.03
2006-12-15,-0.0001,0.0,2949.95,2949.93,2948.47
2006-12-18,-0.0001,0.0,2951.4,2951.38,2949.92
2006-12-19,-0.0001,0.0,2952.85,2952.83,2951.37
2006-12-20,-0.0001,0.0,2954.3,2954.28,2952.83
2006-12-21,-0.0001,0.0,2955.75,2955.74,2954.28
2006-12-22,-0.0001,0.0,2957.21,2957.19,2955.73
2006-12-26,-0.0001,0.0,2958.66,2958.64,2957.18
2006-12-27,-0.0001,0.0,2960.11,2960.1,2958.64
2006-12-28,-0.0001,0.0,2963.03,2963.02,2960.09
2007-01-02,-0.0001,0.0,2964.48,2964.47,2963.0
2007-01-03,-0.0001,0.0,2965.93,2965.93,2964.46
2007-01-04,-0.0001,0.0,2967.39,2967.38,2965.92
2007-01-05,-0.0001,0.0,2968.85,2968.84,2967.38
2007-01-08,-0.0001,0.0,2970.31,2970.3,2968.84
2007-01-09,-0.0001,0.0,2971.77,2971.76,2970.3
2007-01-10,-0.0001,0.0,2973.23,2973.23,2971.76
2007-01-11,-0.0001,0.0,2974.69,2974.69,2973.22
2007-01-12,-0.0001,0.0,2976.15,2976.15,2974.68
2007-01-15,-0.0001,0.0,2977.61,2977.61,2976.14
2007-01-16,-0.0001,0.0,2979.07,2979.08,2977.61
2007-01-17,,,,,
2007-01-18,,,,,
2007-01-19,,,,,
2007-01-22,,,,,
2007-01-23,,,,,
2007-01-24,,,,,
2007-01-25,,,,,
2007-01-26,,,,,
2007-01-29,,,,,
2007-01-30,,,,,
2007-01-31,,,,,
2007-02-01,,,,,
2007-02-02,,,,,
2007-02-05,,,,,
2007-02-06,,,,,
2007-02-07,,,,,
2007-02-08,,,,,
2007-02-09,,,,,
2007-02-12,,,,,
2007-02-13,,,,,
2007-02-14,,,,,
2007-02-15,,,,,
2007-02-16,,,,,
2007-02-21,,,,,
2007-02-22,,,,,
2007-02-23,,,,,
2007-02-26,,,,,
2007-02-27,,,,,
2007-02-28,,,,,
2007-03-01,,,,,
2007-03-02,,,,,
2007-03-05,,,,,
2007-03-06,,,,,
2007-03-07,,,,,
2007-03-08,,,,,
2007-03-09,,,,,
2007-03-12,,,,,
2007-03-13,,,,,
2007-03-14,,,,,
2007-03-15,,,,,
2007-03-16,,,,,
2007-03-19,,,,,
2007-03-20,,,,,
2007-03-21,,,,,
2007-03-22,,,,,
2007-03-23,,,,,
2007-03-26,,,,,
2007-03-27,,,,,
2007-03-28,,,,,
2007-03-29,,,,,
2007-03-30,,,,,
2007-04-02,,,,,
2007-04-03,,,,,
2007-04-04,,,,,
2007-04-05,,,,,
2007-04-09,,,,,
2007-04-10,,,,,
2007-04-11,,,,,
2007-04-12,,,,,
2007-04-13,,,,,
2007-04-16,,,,,
2007-04-17,,,,,
2007-04-18,,,,,
2007-04-19,,,,,
2007-04-20,,,,,
2007-04-23,,,,,
2007-04-24,,,,,
2007-04-25,,,,,
2007-04-26,,,,,
2007-04-27,,,,,
2007-04-30,,,,,
2007-05-02,,,,,
2007-05-03,,,,,
2007-05-04,,,,,
2007-05-07,,,,,
2007-05-08,,,,,
2007-05-09,,,,,
2007-05-10,,,,,
2007-05-11,,,,,
2007-05-14,,,,,
2007-05-15,,,,,
2007-05-16,,,,,
2007-05-17,,,,,
2007-05-18,,,,,
2007-05-21,,,,,
2007-05-22,,,,,
2007-05-23,,,,,
2007-05-24,,,,,
2007-05-25,,,,,
2007-05-28,,,,,
2007-05-29,,,,,
2007-05-30,,,,,
2007-05-31,,,,,
2007-06-01,,,,,
2007-06-04,,,,,
2007-06-05,,,,,
2007-06-06,,,,,
2007-06-08,,,,,
2007-06-11,,,,,
2007-06-12,,,,,
2007-06-13,,,,,
2007-06-14,,,,,
2007-06-15,,,,,
2007-06-18,,,,,
2007-06-19,,,,,
2007-06-20,,,,,
2007-06-21,,,,,
2007-06-22,,,,,
2007-06-25,,,,,
2007-06-26,,,,,
2007-06-27,,,,,
2007-06-28,,,,,
2007-06-29,,,,,
2007-07-02,,,,,
2007-07-03,,,,,
2007-07-04,,,,,
2007-07-05,,,,,
2007-07-06,,,,,
2007-07-09,,,,,
2007-07-10,,,,,
2007-07-11,,,,,
2007-07-12,,,,,
2007-07-13,,,,,
2007-07-16,,,,,
2007-07-17,,,,,
2007-07-18,,,,,
2007-07-19,,,,,
2007-07-20,,,,,
2007-07-23,,,,,
2007-07-24,,,,,
2007-07-25,,,,,
2007-07-26,,,,,
2007-07-27,,,,,
2007-07-30,,,,,
2007-07-31,,,,,
2007-08-01,,,,,
2007-08-02,,,,,
2007-08-03,,,,,
2007-08-06,,,,,
2007-08-07,,,,,
2007-08-08,,,,,
2007-08-09,,,,,
2007-08-10,,,,,
2007-08-13,,,,,
2007-08-14,,,,,
2007-08-15,,,,,
2007-08-16,,,,,
2007-08-17,,,,,
2007-08-20,,,,,
2007-08-21,,,,,
2007-08-22,,,,,
2007-08-23,,,,,
2007-08-24,,,,,
2007-08-27,,,,,
2007-08-28,,,,,
2007-08-29,,,,,
2007-08-30,,,,,
2007-08-31,,,,,
2007-09-03,,,,,
2007-09-04,,,,,
2007-09-05,,,,,
2007-09-06,,,,,
2007-09-10,,,,,
2007-09-11,,,,,
2007-09-12,,,,,
2007-09-13,,,,,
2007-09-14,,,,,
2007-09-17,,,,,
2007-09-18,,,,,
2007-09-19,,,,,
2007-09-20,,,,,
2007-09-21,,,,,
2007-09-24,,,,,
2007-09-25,,,,,
2007-09-26,,,,,
2007-09-27,,,,,
2007-09-28,,,,,
2007-10-01,,,,,
2007-10-02,,,,,
2007-10-03,,,,,
2007-10-04,,,,,
2007-10-05,,,,,
2007-10-08,,,,,
2007-10-09,,,,,
2007-10-10,,,,,
2007-10-11,,,,,
2007-10-15,,,,,
2007-10-16,,,,,
2007-10-17,,,,,
2007-10-18,,,,,
2007-10-19,,,,,
2007-10-22,,,,,
2007-10-23,,,,,
2007-10-24,,,,,
2007-10-25,,,,,
2007-10-26,,,,,
2007-10-29,,,,,
2007-10-30,,,,,
2007-10-31,,,,,
2007-11-01,,,,,
2007-11-05,,,,,
2007-11-06,,,,,
2007-11-07,,,,,
2007-11-08,,,,,
2007-11-09,,,,,
2007-11-12,,,,,
2007-11-13,,,,,
2007-11-14,,,,,
2007-11-16,,,,,
2007-11-19,,,,,
2007-11-20,,,,,
2007-11-21,,,,,
2007-11-22,,,,,
2007-11-23,,,,,
2007-11-26,,,,,
2007-11-27,,,,,
2007-11-28,,,,,
2007-11-29,,,,,
2007-11-30,,,,,
2007-12-03,,,,,
2007-12-04,,,,,
2007-12-05,,,,,
2007-12-06,,,,,
2007-12-07,,,,,
2007-12-10,,,,,
2007-12-11,,,,,
2007-12-12,,,,,
2007-12-13,,,,,
2007-12-14,,,,,
2007-12-17,,,,,
2007-12-18,,,,,
2007-12-19,,,,,
2007-12-20,,,,,
2007-12-21,,,,,
2007-12-24,,,,,
2007-12-26,,,,,
2007-12-27,,,,,
2007-12-28,,,,,
2007-12-31,,,,,
